geo,min,max,nunique
AT,2011,2025,15
BA,2021,2025,5
BE,2011,2025,15
BG,2011,2025,15
CH,2011,2025,15
CY,2011,2025,15
CZ,2011,2025,15
DE,2011,2025,15
DK,2011,2025,15
EE,2011,2025,15
EL,2011,2025,15
ES,2011,2025,15
FI,2011,2025,15
FR,2011,2025,15
HR,2011,2025,15
HU,2011,2025,15
IE,2011,2025,15
IS,2011,2025,15
IT,2011,2025,15
LT,2011,2025,15
LU,2011,2025,15
LV,2011,2025,15
ME,2011,2020,10
MK,2011,2025,15
MT,2011,2025,15
NL,2011,2025,15
NO,2011,2025,15
PL,2011,2025,15
PT,2011,2025,15
RO,2011,2025,15
RS,2013,2025,13
SE,2011,2025,15
SI,2011,2025,15
SK,2011,2025,15
TR,2011,2025,15
UK,2011,2019,9
