termino,coef,se,t,p,ano,variable,periodo
aioe_2011,-0.00313332856099737,0.0009209533356121115,-3.4022663688109707,0.0015569611668098116,2011,aioe,previo
theta_2011,2.1303141966839078e-05,0.0007639607349795941,0.027885126802240826,0.9778959767797399,2011,theta,previo
aioe_2012,-0.002755323253589983,0.0008584815307288883,-3.20953119544761,0.0026604217024299714,2012,aioe,previo
theta_2012,3.7414790199666596e-05,0.0006913777169761416,0.05411628011863987,0.9571187931690419,2012,theta,previo
aioe_2013,-0.002492895974915359,0.0007945763391449528,-3.1373901437814973,0.0032395084800909135,2013,aioe,previo
theta_2013,7.04292690789721e-05,0.0006326013280263999,0.1113327872685606,0.9119234707422337,2013,theta,previo
aioe_2014,-0.002302127838354614,0.0007380630700645287,-3.1191478502688663,0.0034038126259856583,2014,aioe,previo
theta_2014,9.783301162776616e-05,0.0005680491512429374,0.17222631424358198,0.8641502496901752,2014,theta,previo
aioe_2015,-0.0022081836385880104,0.000691099953769252,-3.195172603535277,0.0027672207163311757,2015,aioe,previo
theta_2015,6.20152410893019e-05,0.0005317985612266466,0.11661415733479523,0.9077642694479633,2015,theta,previo
aioe_2016,-0.0019162955032926104,0.0006314636794274381,-3.034688400495429,0.004272502731888395,2016,aioe,previo
theta_2016,6.427069166381531e-05,0.00047934246739489824,0.1340809463703682,0.894028109454035,2016,theta,previo
aioe_2017,-0.001766711125120121,0.0005490383455396397,-3.2178282982833433,0.0026005034711000796,2017,aioe,previo
theta_2017,5.4974493486692e-06,0.0004283191485958219,0.012834937141362319,0.9898249173911704,2017,theta,previo
aioe_2018,-0.0015878163359679214,0.00047571537001869064,-3.3377444498073223,0.0018656185115810686,2018,aioe,previo
theta_2018,0.00010808394890800065,0.0003560902482212622,0.30352965139567933,0.7630996719767831,2018,theta,previo
aioe_2019,-0.0013295407768179018,0.0003677168685724292,-3.6156643614950785,0.0008475017225451076,2019,aioe,previo
theta_2019,0.0001959273945979943,0.0002746737845731996,0.7133094077486682,0.47990117978562363,2019,theta,previo
aioe_2020,-0.0005681666458700099,0.00023773143459032537,-2.3899516984327818,0.021779692467812417,2020,aioe,previo
theta_2020,0.00024333448891963508,0.00019467341324765723,1.2499626161589554,0.2187620468878615,2020,theta,previo
aioe_2021,-0.00011876042602402257,0.0001316941048997962,-0.9017899936704483,0.3727042111134853,2021,aioe,previo
theta_2021,0.00012871997168097674,0.00010617234177322795,1.2123682074933222,0.23266492381121817,2021,theta,previo
aioe_2023,0.00023302345021924286,0.0001512771126059273,1.5403747877331748,0.13154450135796125,2023,aioe,posterior
theta_2023,2.9204656978643268e-05,0.00011083250160986465,0.2635026418644322,0.7935504736677363,2023,theta,posterior
aioe_2024,0.0006733300049547783,0.0002888731785036732,2.3308844678572904,0.025022167142300322,2024,aioe,posterior
theta_2024,9.235963698402144e-05,0.0002419219092421629,0.3817745869869512,0.7047008799313841,2024,theta,posterior
aioe_2025,0.0009462874715895598,0.000358912102445896,2.6365437808891032,0.011961989025361941,2025,aioe,posterior
theta_2025,0.00023907624591433334,0.00030148209221545787,0.7930031404434946,0.4325740247748757,2025,theta,posterior
