isco2,aioe,theta,cuota_media,empleo_2011,empleo_2022,empleo_2025,crec_2011_2022_pct,crec_2022_2025_pct
OC24,1.317,0.575,0.044,5569.8,9774.0,11314.3,75.482,15.759
OC25,1.14,0.556,0.021,2571.4,5138.2,6052.0,99.821,17.784
OC12,1.127,0.646,0.015,3506.7,3278.7,3652.8,-6.502,11.41
OC95,1.107,0.525,0.002,308.6,163.4,165.6,-47.051,1.346
OC11,1.095,0.699,0.01,1965.0,1996.3,2106.4,1.593,5.515
OC23,1.071,0.678,0.055,10476.2,12780.5,13363.9,21.996,4.565
OC21,0.979,0.628,0.032,5864.4,8103.6,9210.9,38.183,13.664
OC33,0.978,0.582,0.065,13815.7,14688.5,15308.1,6.317,4.218
OC43,0.909,0.524,0.028,6248.0,7376.7,7471.1,18.065,1.28
OC41,0.902,0.496,0.029,7622.4,9618.4,9134.4,26.186,-5.032
OC26,0.881,0.626,0.031,5177.8,6903.2,7441.0,33.323,7.791
OC13,0.874,0.692,0.021,3492.7,4274.3,4754.6,22.378,11.237
OC42,0.746,0.533,0.018,3871.1,4261.9,4277.7,10.095,0.371
OC22,0.452,0.734,0.03,5232.1,7071.1,7841.8,35.148,10.899
OC14,0.428,0.668,0.014,3226.9,3214.9,3303.0,-0.372,2.74
OC35,0.358,0.578,0.008,1424.9,2237.4,2225.8,57.022,-0.518
OC31,0.051,0.644,0.032,8045.8,8008.1,8215.6,-0.469,2.591
OC44,0.029,0.503,0.009,2952.0,2002.4,1958.1,-32.168,-2.212
OC34,-0.003,0.616,0.016,3122.6,4015.6,4474.6,28.598,11.43
OC32,-0.138,0.621,0.021,5470.0,6731.5,7002.1,23.062,4.02
OC52,-0.197,0.546,0.072,16216.1,17229.0,17366.5,6.246,0.798
OC73,-0.433,0.515,0.005,1468.1,1350.5,1369.8,-8.01,1.429
OC51,-0.438,0.611,0.047,10131.6,10614.6,11466.4,4.767,8.025
OC54,-0.44,0.654,0.018,3766.9,4362.9,4425.8,15.822,1.442
OC53,-0.54,0.6,0.033,6272.4,7610.0,8089.8,21.325,6.305
OC82,-0.691,0.534,0.01,1684.6,2077.2,1744.7,23.305,-16.007
OC74,-0.757,0.649,0.016,3427.0,3752.3,3901.6,9.492,3.979
OC96,-0.829,0.573,0.012,2025.6,2404.4,2361.0,18.701,-1.805
OC75,-0.862,0.551,0.021,5176.4,5192.9,5041.9,0.319,-2.908
OC83,-0.879,0.634,0.046,9555.8,10477.0,10891.3,9.64,3.954
OC81,-1.024,0.557,0.027,6095.7,6511.3,5784.6,6.818,-11.161
OC72,-1.032,0.585,0.036,8619.2,8809.1,9072.7,2.203,2.992
OC61,-1.09,0.629,0.037,12196.3,9470.6,8698.0,-22.349,-8.158
OC62,-1.115,0.625,0.003,394.6,353.9,333.7,-10.314,-5.708
OC94,-1.235,0.497,0.008,1296.7,1955.0,2141.0,50.767,9.514
OC63,-1.364,0.596,0.012,914.7,9.2,6.2,-98.994,-32.609
OC93,-1.376,0.62,0.027,6583.4,7057.4,6913.4,7.2,-2.04
OC71,-1.379,0.628,0.04,9216.3,9170.8,9207.2,-0.494,0.397
OC92,-1.478,0.537,0.012,2990.9,2842.5,2548.4,-4.962,-10.347
OC91,-1.549,0.539,0.032,8058.3,8027.1,8253.8,-0.387,2.824
