isco2,aioe_fraccional,aioe_simple,n_soc,isco08_2d
24,1.3206485076677317,1.2773913791666667,21,OC24
25,1.139569785,1.1306583416666667,11,OC25
12,1.12719243539823,1.1332474235294119,15,OC12
95,1.107101,1.107101,1,OC95
11,1.0949028573770492,1.0018349,5,OC11
23,1.07119206,1.056729172413793,54,OC23
21,0.9794327566037735,0.9782994916666666,53,OC21
33,0.9779789381526105,0.9528351789473685,47,OC33
43,0.9092412913043478,0.7852570230769231,13,OC43
41,0.90171226,0.90171226,5,OC41
26,0.8760063873303167,0.8466993208333333,46,OC26
13,0.8737928259259262,0.8391033777777778,14,OC13
42,0.7458208530674848,0.7912799391304348,21,OC42
22,0.43688677857142844,0.45509112,33,OC22
14,0.42832193333333335,0.6025056333333333,5,OC14
35,0.4192384378378379,0.4619178818181818,11,OC35
31,0.05106196814139864,0.045113355072463765,48,OC31
44,0.029455119225037272,-0.00337719333333335,15,OC44
34,-0.0029757771523178543,0.028615984,24,OC34
32,-0.13784974088505428,-0.10337336585365854,39,OC32
52,-0.19747852001204638,-0.05055146315789475,17,OC52
73,-0.43295475373274045,-0.5654404571428572,17,OC73
51,-0.4381976068963063,-0.31412689047619047,33,OC51
54,-0.4398522545454546,-0.40850547647058827,17,OC54
53,-0.5395168191489362,-0.4093964375,15,OC53
82,-0.6909067866666667,-0.687695275,8,OC82
74,-0.7573199214285714,-0.6525552451612904,22,OC74
96,-0.8290930359305613,-0.8333405375,15,OC96
75,-0.8617287857566767,-0.8815255710526316,35,OC75
83,-0.8789940581088613,-0.6767303868421052,30,OC83
81,-1.0275924070546738,-1.0208336,57,OC81
72,-1.0318767035973837,-0.9450210222222223,49,OC72
61,-1.0903874349152547,-0.853131825,5,OC61
62,-1.114754977464789,-0.9316656153846155,8,OC62
94,-1.2346103874999999,-1.23973428,5,OC94
63,-1.3642729999999998,-1.3729346666666666,4,OC63
93,-1.3764051520361988,-1.368651780952381,20,OC93
71,-1.3790494496875,-1.2804877696969699,32,OC71
92,-1.478161474576271,-1.3923433333333335,5,OC92
91,-1.5490018571428574,-1.5317705,5,OC91
