isco2,aioe,theta,c_aioe,n_soc,isco2c
11,1.0949,0.6992,0.7487,5.0,OC11
12,1.1272,0.6463,0.8389,15.0,OC12
13,0.8738,0.6924,0.6091,14.0,OC13
14,0.4283,0.6683,0.3086,5.0,OC14
21,0.9794,0.6284,0.7436,53.0,OC21
22,0.4523,0.7339,0.3043,32.0,OC22
23,1.0712,0.6775,0.7568,54.0,OC23
24,1.317,0.5747,1.0644,20.0,OC24
25,1.1396,0.5555,0.9458,11.0,OC25
26,0.8809,0.6263,0.6553,45.0,OC26
31,0.0511,0.6442,0.0493,48.0,OC31
32,-0.1378,0.6214,-0.1041,39.0,OC32
33,0.978,0.5822,0.7945,47.0,OC33
34,-0.003,0.6158,0.0168,24.0,OC34
35,0.3578,0.5784,0.2933,10.0,OC35
41,0.9017,0.4963,0.7997,5.0,OC41
42,0.7458,0.5331,0.6312,21.0,OC42
43,0.9092,0.5241,0.7859,13.0,OC43
44,0.0295,0.5032,0.0214,15.0,OC44
51,-0.4382,0.6109,-0.3441,33.0,OC51
52,-0.1975,0.5464,-0.1522,17.0,OC52
53,-0.5395,0.5997,-0.4194,15.0,OC53
54,-0.4399,0.6538,-0.3007,17.0,OC54
61,-1.0904,0.6294,-0.8242,5.0,OC61
62,-1.1148,0.625,-0.8467,8.0,OC62
63,-1.3643,0.5963,-1.0746,4.0,OC63
71,-1.379,0.628,-1.0496,32.0,OC71
72,-1.0319,0.5852,-0.8171,49.0,OC72
73,-0.433,0.5155,-0.3831,17.0,OC73
74,-0.7573,0.6494,-0.5504,22.0,OC74
75,-0.8617,0.5514,-0.7188,35.0,OC75
81,-1.0239,0.557,-0.8474,56.0,OC81
82,-0.6909,0.5344,-0.5787,8.0,OC82
83,-0.879,0.634,-0.6595,30.0,OC83
91,-1.549,0.5386,-1.3226,5.0,OC91
92,-1.4782,0.5369,-1.2752,5.0,OC92
93,-1.3764,0.6203,-1.0515,20.0,OC93
94,-1.2346,0.4966,-1.0926,5.0,OC94
95,1.1071,0.5249,0.9486,1.0,OC95
96,-0.8291,0.573,-0.6612,15.0,OC96
