soc6,theta
11-1011,0.7221527777777779
11-1021,0.7349305555555555
11-2011,0.6272222222222222
11-2021,0.6433333333333333
11-2022,0.6302777777777777
11-2031,0.6489583333333333
11-3011,0.6696296296296297
11-3021,0.6380555555555555
11-3031,0.6280324074074074
11-3051,0.7351851851851853
11-3061,0.6056944444444443
11-3071,0.6710416666666668
11-3111,0.5811805555555555
11-3121,0.6367361111111112
11-3131,0.6210416666666666
11-9013,0.7283333333333333
11-9021,0.7405555555555555
11-9031,0.7667361111111112
11-9032,0.7660416666666667
11-9033,0.6938194444444444
11-9039,0.6398958333333333
11-9041,0.6903819444444445
11-9051,0.6615972222222222
11-9061,0.7375694444444444
11-9071,0.6351388888888888
11-9081,0.7010416666666667
11-9111,0.6159027777777777
11-9121,0.651712962962963
11-9131,0.6641666666666667
11-9141,0.6659027777777778
11-9151,0.6738888888888889
11-9161,0.6831944444444444
11-9199,0.6600408496732025
13-1011,0.5815972222222222
13-1021,0.6361111111111112
13-1022,0.59375
13-1023,0.5959722222222222
13-1031,0.5529861111111112
13-1032,0.5531944444444445
13-1041,0.6082837301587302
13-1051,0.560625
13-1071,0.6444444444444444
13-1074,0.6822222222222222
13-1075,0.6064583333333333
13-1081,0.6079629629629629
13-1111,0.6141666666666666
13-1121,0.6830555555555555
13-1131,0.6339583333333334
13-1141,0.5504861111111111
13-1151,0.6302777777777777
13-1161,0.5094097222222222
13-1199,0.6114781746031746
13-2011,0.5371527777777777
13-2021,0.5890277777777778
13-2031,0.6211805555555555
13-2041,0.5279166666666666
13-2052,0.5370138888888889
13-2053,0.5347222222222222
13-2061,0.5596527777777777
13-2071,0.5931597222222222
13-2072,0.630625
13-2081,0.496875
13-2082,0.45319444444444434
13-2099,0.5579166666666666
15-1111,0.6016666666666667
15-1121,0.6117361111111111
15-1122,0.579861111111111
15-1131,0.49631944444444437
15-1132,0.5199652777777778
15-1133,0.5199652777777778
15-1134,0.5266435185185184
15-1141,0.5321759259259259
15-1142,0.5384027777777778
15-1143,0.6154861111111112
15-1151,0.6257638888888889
15-1152,0.6033333333333334
15-1199,0.5454444444444444
15-2011,0.527986111111111
15-2021,0.5759722222222223
15-2031,0.5703472222222223
15-2041,0.5519305555555555
15-2091,0.550625
15-2099,0.5336284722222222
17-1011,0.672013888888889
17-1012,0.6111805555555556
17-1021,0.5679166666666666
17-1022,0.6589583333333333
17-2011,0.5984722222222223
17-2021,0.642013888888889
17-2031,0.5797916666666666
17-2041,0.6517361111111112
17-2051,0.6413194444444444
17-2061,0.5577083333333334
17-2071,0.6625
17-2072,0.5894444444444444
17-2081,0.6473437500000001
17-2111,0.6622916666666666
17-2112,0.6572743055555555
17-2121,0.6534722222222222
17-2131,0.622013888888889
17-2141,0.6272222222222221
17-2151,0.6504166666666668
17-2161,0.6174305555555556
17-2171,0.6525
17-2199,0.6382692307692307
17-3011,0.5272222222222223
17-3012,0.5357638888888889
17-3013,0.5240972222222222
17-3021,0.5986805555555555
17-3022,0.6036111111111111
17-3023,0.6032638888888888
17-3024,0.6053124999999999
17-3025,0.6522916666666667
17-3026,0.6230902777777778
17-3027,0.6178472222222222
17-3029,0.6094375
17-3031,0.6114583333333333
19-1011,0.7063888888888888
19-1012,0.6245138888888889
19-1013,0.702013888888889
19-1020,0.6523958333333333
19-1021,0.6605555555555556
19-1022,0.6456944444444445
19-1023,0.6885416666666667
19-1029,0.6523958333333333
19-1031,0.6769675925925925
19-1032,0.7057638888888889
19-1041,0.6485416666666667
19-1042,0.6640972222222221
19-2011,0.611388888888889
19-2012,0.6410416666666667
19-2021,0.585763888888889
19-2031,0.629375
19-2032,0.6050694444444443
19-2041,0.6305902777777779
19-2042,0.6568055555555555
19-2043,0.6364583333333333
19-2099,0.5714583333333334
19-3011,0.5923611111111111
19-3022,0.6052083333333333
19-3031,0.6763194444444445
19-3032,0.6635416666666667
19-3039,0.6573263888888888
19-3041,0.63625
19-3051,0.6445833333333333
19-3091,0.6489583333333333
19-3092,0.5791666666666666
19-3093,0.653888888888889
19-3094,0.6207638888888889
19-3099,0.5880555555555557
19-4011,0.6198842592592593
19-4021,0.6571527777777777
19-4031,0.5786111111111112
19-4041,0.5961805555555556
19-4051,0.6807986111111111
19-4061,0.5783333333333334
19-4091,0.6449305555555556
19-4092,0.7136805555555555
19-4093,0.7077083333333333
19-4099,0.5912499999999999
21-1011,0.6627083333333332
21-1012,0.6645833333333333
21-1013,0.6365277777777778
21-1014,0.6656944444444445
21-1015,0.6391666666666667
21-1021,0.6726388888888889
21-1022,0.6841666666666667
21-1023,0.6763194444444445
21-1091,0.6798611111111111
21-1092,0.6792361111111112
21-1093,0.6684722222222222
21-1094,0.685138888888889
21-2011,0.7211111111111111
21-2021,0.6288194444444444
23-1011,0.68875
23-1012,0.5560416666666667
23-1021,0.59375
23-1022,0.5917361111111111
23-1023,0.7446527777777778
23-2011,0.5390972222222222
23-2091,0.458125
23-2093,0.5136111111111111
25-1011,0.640763888888889
25-1021,0.65875
25-1022,0.6228472222222223
25-1031,0.7021527777777777
25-1032,0.689513888888889
25-1041,0.72625
25-1042,0.7598611111111111
25-1043,0.7761111111111112
25-1051,0.7190972222222223
25-1052,0.736875
25-1053,0.7220833333333333
25-1054,0.67875
25-1061,0.6984722222222223
25-1062,0.683125
25-1063,0.6284027777777778
25-1064,0.6769444444444445
25-1065,0.648611111111111
25-1066,0.646875
25-1067,0.661875
25-1071,0.7313194444444444
25-1072,0.7368055555555556
25-1081,0.6933333333333332
25-1082,0.6431944444444444
25-1111,0.6867361111111111
25-1112,0.6195138888888889
25-1113,0.661111111111111
25-1121,0.6919444444444445
25-1122,0.6545833333333333
25-1123,0.6275694444444444
25-1124,0.6215972222222222
25-1125,0.6352777777777778
25-1126,0.6298611111111111
25-1191,0.6398611111111111
25-1192,0.6347916666666666
25-1193,0.7311111111111112
25-1194,0.6415972222222223
25-2011,0.6116666666666667
25-2012,0.679236111111111
25-2021,0.7409722222222221
25-2022,0.7202083333333333
25-2023,0.7016666666666667
25-2031,0.7013194444444444
25-2032,0.7249305555555555
25-2051,0.653888888888889
25-2052,0.6834374999999999
25-2053,0.7065972222222221
25-2054,0.7072222222222222
25-2059,0.7085416666666667
25-3011,0.6502083333333333
25-3021,0.5991666666666666
25-3099,0.5892013888888888
25-4011,0.5924305555555557
25-4012,0.6890277777777777
25-4013,0.6885416666666667
25-4021,0.5971527777777778
25-4031,0.539236111111111
25-9011,0.5971527777777778
25-9021,0.7056944444444444
25-9031,0.686736111111111
25-9041,0.6026041666666667
27-1011,0.558125
27-1012,0.4675
27-1013,0.45631944444444433
27-1014,0.6156944444444445
27-1021,0.6141666666666666
27-1022,0.525
27-1023,0.5836111111111111
27-1024,0.5625
27-1025,0.6231944444444444
27-1026,0.5569444444444444
27-1027,0.6491666666666667
27-2011,0.5616666666666666
27-2012,0.6525694444444444
27-2021,0.6304166666666666
27-2022,0.7120833333333333
27-2023,0.5463888888888889
27-2031,0.5797916666666666
27-2032,0.6754861111111111
27-2041,0.6546527777777778
27-2042,0.513611111111111
27-2099,0.5428472222222223
27-3011,0.6621527777777778
27-3021,0.6032638888888889
27-3022,0.6032638888888889
27-3031,0.6122916666666667
27-3041,0.6350694444444445
27-3042,0.5297916666666667
27-3043,0.4840972222222222
27-3091,0.6279861111111111
27-4011,0.6054166666666666
27-4012,0.5265972222222223
27-4014,0.5622222222222223
27-4021,0.6128472222222223
27-4031,0.6060416666666666
27-4032,0.5555555555555555
29-1011,0.7463888888888889
29-1021,0.7957638888888888
29-1022,0.7717361111111112
29-1023,0.7777777777777779
29-1024,0.7990277777777779
29-1031,0.6620833333333332
29-1041,0.7180555555555556
29-1051,0.680625
29-1061,0.7559722222222222
29-1062,0.7557638888888889
29-1063,0.7359027777777779
29-1064,0.76375
29-1065,0.7538194444444444
29-1066,0.7210416666666667
29-1069,0.757199074074074
29-1071,0.7387152777777778
29-1081,0.7870833333333332
29-1122,0.7363194444444445
29-1123,0.7763888888888889
29-1124,0.6310416666666666
29-1125,0.6789351851851851
29-1126,0.6672916666666667
29-1127,0.705763888888889
29-1128,0.6876388888888889
29-1129,0.6614583333333335
29-1131,0.7738888888888888
29-1141,0.7048194444444444
29-1151,0.7582638888888888
29-1161,0.7572222222222221
29-1171,0.7430555555555556
29-1181,0.6940277777777779
29-1199,0.7034953703703705
29-2011,0.5839120370370371
29-2012,0.5451041666666667
29-2021,0.58
29-2031,0.6204861111111112
29-2032,0.588125
29-2033,0.6240972222222222
29-2034,0.6410416666666667
29-2035,0.62875
29-2041,0.7623611111111112
29-2051,0.638125
29-2052,0.5719444444444445
29-2053,0.627361111111111
29-2054,0.5799537037037038
29-2055,0.6254861111111112
29-2056,0.6223611111111111
29-2057,0.5824305555555555
29-2061,0.635625
29-2071,0.5672916666666666
29-2081,0.6015972222222222
29-2091,0.7374305555555556
29-2092,0.5971527777777778
29-2099,0.6001620370370371
29-9011,0.7114583333333333
29-9012,0.6838888888888889
29-9091,0.8142361111111112
29-9092,0.6435416666666667
29-9099,0.6791666666666667
31-1011,0.5297222222222223
31-1013,0.6286805555555555
31-1014,0.6252777777777777
31-1015,0.6218055555555555
31-2011,0.6845138888888889
31-2012,0.650625
31-2021,0.649375
31-2022,0.5591666666666666
31-9011,0.5871527777777777
31-9091,0.6315277777777777
31-9092,0.5875
31-9093,0.6002777777777778
31-9094,0.5682638888888889
31-9095,0.5331944444444445
31-9096,0.5950694444444445
31-9097,0.6343055555555555
31-9099,0.5621180555555556
33-1011,0.7583333333333333
33-1012,0.7261111111111112
33-1021,0.7932638888888889
33-1099,0.6830555555555555
33-2011,0.6821527777777778
33-2021,0.7079861111111111
33-2022,0.7413888888888889
33-3011,0.5922222222222223
33-3012,0.6795833333333333
33-3021,0.6733611111111111
33-3031,0.6822916666666667
33-3041,0.624375
33-3051,0.6966666666666665
33-3052,0.7375
33-9011,0.7022916666666668
33-9021,0.5875694444444445
33-9031,0.5903472222222222
33-9032,0.6334722222222223
33-9091,0.6011111111111112
33-9092,0.6477777777777779
33-9093,0.5380555555555556
33-9099,0.6103472222222222
35-1011,0.6736111111111112
35-1012,0.5693055555555556
35-2011,0.49055555555555563
35-2012,0.5716666666666667
35-2013,0.5303472222222223
35-2014,0.5410416666666666
35-2015,0.5353472222222223
35-2021,0.46979166666666666
35-3011,0.47513888888888894
35-3021,0.5737847222222222
35-3022,0.5737847222222222
35-3031,0.5465277777777777
35-3041,0.5924305555555557
35-9011,0.5264583333333334
35-9021,0.49520833333333336
35-9031,0.544236111111111
37-1011,0.6202777777777778
37-1012,0.7269444444444444
37-2011,0.59375
37-2012,0.44944444444444437
37-2021,0.5915972222222222
37-3011,0.4202777777777778
37-3012,0.6302083333333334
37-3013,0.6863888888888888
39-1011,0.5825
39-1012,0.5825
39-1021,0.6857361111111111
39-2011,0.6633333333333333
39-2021,0.6317361111111112
39-3011,0.502638888888889
39-3012,0.48770833333333335
39-3021,0.4434027777777777
39-3031,0.5490277777777777
39-3091,0.5804166666666667
39-3092,0.5622222222222223
39-3093,0.5443055555555556
39-4011,0.7495833333333333
39-4021,0.5093055555555557
39-4031,0.7126388888888888
39-5011,0.6425
39-5012,0.62875
39-5091,0.6931944444444444
39-5092,0.49291666666666667
39-5093,0.5174305555555556
39-5094,0.6109027777777778
39-6011,0.6296527777777778
39-6012,0.5679861111111111
39-7011,0.6352083333333334
39-7012,0.6590277777777779
39-9011,0.6122222222222222
39-9021,0.5513194444444445
39-9031,0.6604166666666668
39-9032,0.6752777777777779
39-9041,0.6702777777777779
41-1011,0.5890277777777777
41-1012,0.7077083333333333
41-2011,0.5275694444444443
41-2012,0.49923611111111105
41-2021,0.5511805555555557
41-2022,0.6209722222222223
41-2031,0.5515972222222223
41-3011,0.5829166666666666
41-3021,0.5922916666666667
41-3031,0.5931944444444445
41-3041,0.5115277777777778
41-3099,0.5685416666666667
41-4011,0.5833680555555556
41-4012,0.6257638888888889
41-9011,0.5311805555555557
41-9012,0.42576388888888894
41-9021,0.6657638888888888
41-9022,0.5558333333333334
41-9031,0.6186805555555555
41-9041,0.41715277777777776
41-9091,0.5248611111111111
43-1011,0.5873611111111111
43-2011,0.495625
43-2021,0.513611111111111
43-3011,0.44111111111111106
43-3021,0.4526388888888889
43-3031,0.5127083333333333
43-3041,0.5116666666666666
43-3051,0.47125
43-3061,0.495
43-3071,0.5684722222222223
43-4011,0.4940972222222222
43-4021,0.49506944444444434
43-4031,0.5084027777777778
43-4041,0.5429861111111112
43-4051,0.5466145833333333
43-4061,0.517361111111111
43-4071,0.47875
43-4081,0.5277083333333333
43-4111,0.5872916666666667
43-4121,0.5302777777777777
43-4131,0.5829861111111111
43-4141,0.5210416666666666
43-4151,0.5025
43-4161,0.5297916666666667
43-4171,0.46979166666666666
43-4181,0.5538194444444445
43-5011,0.5377777777777778
43-5021,0.5843055555555555
43-5031,0.5421527777777778
43-5032,0.6259027777777778
43-5041,0.581875
43-5051,0.48243055555555564
43-5052,0.5136805555555557
43-5053,0.42902777777777773
43-5061,0.5805555555555555
43-5071,0.5652083333333333
43-5081,0.5218055555555556
43-5111,0.5299305555555557
43-6011,0.5000694444444443
43-6012,0.4624305555555556
43-6013,0.5115277777777777
43-6014,0.49111111111111105
43-9011,0.5594367283950618
43-9021,0.48666666666666664
43-9022,0.5284722222222222
43-9031,0.4973611111111111
43-9041,0.425625
43-9051,0.5681944444444444
43-9061,0.48041666666666666
43-9071,0.43347222222222226
43-9081,0.48444444444444434
43-9111,0.5441666666666667
45-1011,0.690625
45-2011,0.5988194444444445
45-2021,0.5582638888888889
45-2041,0.47104166666666664
45-2091,0.528611111111111
45-2092,0.5310416666666666
45-2093,0.5855555555555556
45-3011,0.636875
45-3021,0.636875
45-4011,0.6688888888888889
45-4021,0.6038888888888888
45-4022,0.6091666666666666
45-4023,0.6060416666666666
47-1011,0.7597222222222223
47-2011,0.6349305555555556
47-2021,0.6592361111111111
47-2022,0.7244444444444444
47-2031,0.6740972222222221
47-2041,0.596875
47-2042,0.5646527777777777
47-2043,0.5773611111111111
47-2044,0.55625
47-2051,0.6436805555555556
47-2053,0.5490277777777777
47-2061,0.6170138888888889
47-2071,0.6085416666666666
47-2072,0.71125
47-2073,0.7375694444444444
47-2081,0.6822222222222222
47-2082,0.5002083333333334
47-2111,0.725
47-2121,0.668125
47-2131,0.575625
47-2132,0.6045833333333334
47-2141,0.6165277777777777
47-2142,0.540625
47-2151,0.6877083333333333
47-2152,0.6894791666666666
47-2161,0.571875
47-2171,0.6454166666666667
47-2181,0.6579166666666667
47-2211,0.5567361111111111
47-2221,0.6096527777777777
47-2231,0.7447222222222222
47-3011,0.6260416666666666
47-3012,0.6525
47-3013,0.5995833333333334
47-3014,0.6004166666666666
47-3015,0.6428472222222221
47-3016,0.6365277777777778
47-4011,0.6388541666666667
47-4021,0.7004166666666667
47-4031,0.6940972222222223
47-4041,0.6841666666666667
47-4051,0.6557638888888888
47-4061,0.6901388888888889
47-4071,0.6627083333333332
47-4091,0.6288888888888888
47-4099,0.6720833333333333
47-5011,0.6942361111111112
47-5012,0.7538888888888888
47-5013,0.7233333333333333
47-5021,0.6528819444444445
47-5031,0.6891666666666667
47-5041,0.6186805555555555
47-5051,0.5075
47-5061,0.6013194444444444
47-5071,0.6734722222222221
47-5081,0.704375
49-1011,0.6938194444444444
49-2011,0.5365972222222222
49-2021,0.6420138888888889
49-2022,0.6818055555555556
49-2091,0.5667361111111111
49-2092,0.628125
49-2093,0.6529861111111112
49-2094,0.6076388888888888
49-2095,0.7115972222222221
49-2096,0.5990277777777778
49-2097,0.617638888888889
49-2098,0.7070138888888888
49-3011,0.6948611111111112
49-3021,0.5557638888888888
49-3022,0.5659027777777778
49-3023,0.6013888888888889
49-3031,0.7034027777777778
49-3041,0.6418055555555555
49-3042,0.6701388888888888
49-3043,0.6122222222222222
49-3051,0.6761111111111111
49-3052,0.6839583333333333
49-3053,0.5340972222222222
49-3091,0.6609722222222222
49-3092,0.5439583333333333
49-3093,0.6111111111111112
49-9011,0.603125
49-9012,0.6813888888888888
49-9021,0.6925
49-9031,0.5911805555555555
49-9041,0.5579861111111111
49-9043,0.6315277777777778
49-9044,0.7061805555555556
49-9045,0.5561805555555557
49-9051,0.73625
49-9052,0.6557638888888888
49-9061,0.49875
49-9062,0.6227083333333333
49-9063,0.5284027777777778
49-9064,0.5111111111111111
49-9071,0.69625
49-9081,0.7625
49-9091,0.50625
49-9092,0.7345138888888889
49-9093,0.6488194444444444
49-9094,0.6170138888888889
49-9095,0.650138888888889
49-9096,0.7040972222222222
49-9097,0.6877777777777778
49-9098,0.6202777777777778
49-9099,0.6488194444444444
51-1011,0.7053472222222221
51-2011,0.538611111111111
51-2021,0.5446527777777778
51-2022,0.6045833333333334
51-2023,0.505625
51-2031,0.5715972222222222
51-2041,0.5663194444444444
51-2091,0.5389583333333333
51-2092,0.5403472222222223
51-2093,0.45201388888888894
51-3011,0.5301388888888889
51-3021,0.5596527777777778
51-3022,0.5209027777777778
51-3023,0.5457638888888889
51-3091,0.4724305555555555
51-3092,0.5309027777777777
51-3093,0.5908333333333333
51-4011,0.4580555555555555
51-4012,0.5165277777777778
51-4021,0.554513888888889
51-4022,0.45923611111111107
51-4023,0.5481944444444445
51-4031,0.42083333333333334
51-4032,0.5388194444444445
51-4033,0.4750694444444444
51-4034,0.43888888888888894
51-4035,0.4752777777777777
51-4041,0.5499305555555555
51-4051,0.5277777777777778
51-4052,0.4401388888888889
51-4061,0.47680555555555565
51-4062,0.5327777777777777
51-4071,0.5676388888888888
51-4072,0.5403472222222223
51-4081,0.48944444444444435
51-4111,0.5949305555555555
51-4121,0.510625
51-4122,0.5353472222222222
51-4191,0.5307638888888889
51-4192,0.5335416666666667
51-4193,0.5352777777777777
51-4194,0.5200694444444445
51-5111,0.4830555555555556
51-5112,0.5329861111111112
51-5113,0.495625
51-6011,0.49125
51-6021,0.43923611111111105
51-6031,0.42826388888888894
51-6041,0.48458333333333337
51-6042,0.49548611111111107
51-6051,0.4700694444444444
51-6052,0.5263194444444445
51-6061,0.5184722222222223
51-6062,0.42055555555555557
51-6063,0.5060416666666666
51-6064,0.43673611111111105
51-6091,0.5661111111111111
51-6092,0.5569444444444445
51-6093,0.4881944444444444
51-7011,0.509375
51-7021,0.510625
51-7031,0.5484027777777777
51-7032,0.6155555555555555
51-7041,0.533611111111111
51-7042,0.529236111111111
51-8011,0.6525694444444444
51-8012,0.6836111111111112
51-8013,0.6377546296296296
51-8021,0.6988888888888889
51-8031,0.6402777777777778
51-8091,0.6125694444444445
51-8092,0.6299305555555555
51-8093,0.6213194444444445
51-8099,0.6316493055555557
51-9011,0.6228472222222222
51-9012,0.569375
51-9021,0.6034722222222222
51-9022,0.48840277777777774
51-9023,0.580625
51-9031,0.38173611111111105
51-9032,0.5694444444444445
51-9041,0.49631944444444437
51-9051,0.5611111111111111
51-9061,0.5859722222222223
51-9071,0.6168055555555556
51-9081,0.5186805555555556
51-9082,0.5068055555555556
51-9083,0.47291666666666665
51-9111,0.5581944444444445
51-9121,0.548888888888889
51-9122,0.548888888888889
51-9123,0.45673611111111106
51-9141,0.48361111111111105
51-9151,0.5124305555555556
51-9191,0.5642361111111112
51-9192,0.49756944444444434
51-9193,0.5857638888888889
51-9194,0.5004861111111111
51-9195,0.5321701388888889
51-9196,0.5611111111111111
51-9197,0.4870138888888889
51-9198,0.5890277777777777
51-9199,0.5319444444444444
53-1011,0.7161805555555556
53-1021,0.6782986111111111
53-1031,0.7297569444444445
53-2011,0.7322222222222221
53-2012,0.7225694444444444
53-2021,0.5767361111111111
53-2022,0.7455555555555555
53-2031,0.7516666666666667
53-3011,0.7182638888888888
53-3021,0.5504166666666667
53-3022,0.6158680555555556
53-3031,0.5979861111111111
53-3032,0.61625
53-3033,0.5354861111111111
53-3041,0.6252083333333334
53-4011,0.6934027777777778
53-4012,0.6753472222222221
53-4013,0.666875
53-4021,0.6753472222222221
53-4031,0.7150694444444444
53-4041,0.5743055555555555
53-5011,0.6670833333333333
53-5021,0.7590972222222221
53-5022,0.7033333333333333
53-5031,0.6988888888888889
53-6011,0.5270833333333333
53-6021,0.5532638888888889
53-6031,0.6615972222222222
53-6041,0.6598611111111111
53-6051,0.7026157407407408
53-6061,0.6333333333333333
53-6099,0.6122222222222222
53-7011,0.6170138888888889
53-7021,0.726875
53-7031,0.5507638888888888
53-7032,0.6213194444444445
53-7033,0.559861111111111
53-7041,0.56625
53-7051,0.6268055555555555
53-7061,0.5663888888888889
53-7062,0.5765972222222222
53-7063,0.4666666666666666
53-7064,0.5325
53-7071,0.6852777777777779
53-7072,0.6355555555555555
53-7073,0.6068055555555555
53-7081,0.513263888888889
53-7111,0.559861111111111
53-7121,0.6934722222222222
55-3017,0.5882638888888888
