ano,coef,se_ocupacion,se_pais,t,p,ic_bajo,ic_alto,periodo
2011,-0.0033441793988658185,0.0009191912142822092,0.00028101294464422946,-3.6381759822163526,0.0007941585600257373,-0.005203419114140852,-0.001484939683590785,previo
2012,-0.002936691687099219,0.0008516040677705409,0.0002666089143010671,-3.4484237431924663,0.0013667896315217032,-0.004659223495375018,-0.0012141598788234205,previo
2013,-0.002648330374312071,0.0007860437101442221,0.0002864560977425872,-3.3691897029824958,0.0017085322777370404,-0.004238253843047036,-0.001058406905577106,previo
2014,-0.0024392681465559628,0.0007308639391132104,0.000270921308284051,-3.337513340055654,0.0018668224954778712,-0.0039175799939148975,-0.0009609562991970285,previo
2015,-0.002347252306777579,0.0006853114129921122,0.0002388853006590962,-3.4250885980861305,0.0014599695053503225,-0.0037334254735448087,-0.0009610791400103487,previo
2016,-0.0020347437111594,0.0006219114477297988,0.00020878468571328804,-3.2717579304689575,0.0022411867374321215,-0.0032926783443862516,-0.0007768090779325485,previo
2017,-0.0018864955837100883,0.000536369048622496,0.0002132702631663421,-3.517159665635051,0.00112427201038523,-0.0029714043836946134,-0.0008015867837255631,previo
2018,-0.001673165669095725,0.0004684614548181466,0.00020742628738706925,-3.5716186505573564,0.0009620199123592243,-0.002620718396254419,-0.0007256129419370308,previo
2019,-0.0013789240837378826,0.00036579427509783016,0.00019476832760262336,-3.7696710353629648,0.0005416009736260996,-0.0021188128395428565,-0.0006390353279329086,previo
2020,-0.0005544433244110869,0.00024822414603012193,0.00018967279465307595,-2.2336397698546433,0.03131384571923501,-0.0010565240486593284,-5.2362600162845336e-05,previo
2021,-9.830536692768434e-05,0.00013947989539637602,7.759404817240727e-05,-0.7047995458293018,0.4851230015489243,-0.0003804300837156446,0.00018381934986027595,previo
2023,0.00025532041324832213,0.00014485344786489205,0.00017317643131704874,1.7626119157789397,0.08580177527098742,-3.767333928143525e-05,0.0005483141657780795,posterior
2024,0.0007394246076111624,0.00027427580906395097,0.0002199159257103842,2.6959162389664337,0.010307501814390108,0.00018464942130881916,0.0012941997939135055,posterior
2025,0.0010631859418891662,0.000341542958121575,0.0002580617648952419,3.1128908285402757,0.0034619604466594733,0.00037235010452966164,0.0017540217792486707,posterior
