variante,dependiente,n,clusters,theta_post,theta_post_p,aioe_post,aioe_post_p,aioe_t,aioe_t_p
0_principal,cuota,18753,40,-3.9e-05,0.7857,0.000231,0.2007,0.000276,0.0019
0_principal,log_empleo,18753,40,0.007955,0.2316,0.004413,0.5783,0.009784,0.0071
1_sin_2021,cuota,17501,40,-3.8e-05,0.7956,0.000363,0.0736,0.000263,0.0024
1_sin_2021,log_empleo,17501,40,0.009535,0.159,0.008286,0.3024,0.009348,0.0096
2_previo_hasta_2020,cuota,16251,40,-0.000142,0.4874,0.000568,0.0492,0.000242,0.0031
2_previo_hasta_2020,log_empleo,16251,40,0.013414,0.1973,0.010729,0.4041,0.009092,0.0127
3_sin_OC95,cuota,18636,39,-4.1e-05,0.7781,0.000231,0.2019,0.000277,0.0018
3_sin_OC95,log_empleo,18636,39,0.008018,0.2264,0.004253,0.59,0.010263,0.0044
4_sin_OC25,cuota,18260,39,3.1e-05,0.8015,0.000123,0.4395,0.000237,0.0059
4_sin_OC25,log_empleo,18260,39,0.009098,0.1806,0.002739,0.7361,0.007089,0.0071
5_regla_simple,cuota,18753,40,-5e-06,0.9722,0.000226,0.2195,0.000269,0.0019
5_regla_simple,log_empleo,18753,40,0.008626,0.2083,0.003672,0.6521,0.009937,0.0078
6_sin_baja_fiabilidad,cuota,18273,40,-7.5e-05,0.6095,0.000269,0.1378,0.000283,0.0018
6_sin_baja_fiabilidad,log_empleo,18273,40,0.006639,0.3584,0.009111,0.1908,0.009565,0.0072
7_solo_series_completas,cuota,18248,40,-2.8e-05,0.8467,0.000193,0.2916,0.000278,0.0016
7_solo_series_completas,log_empleo,18248,40,0.007353,0.2677,0.002504,0.7527,0.00985,0.006
8_hasta_2024,cuota,17524,40,-8.5e-05,0.5124,0.000208,0.2286,0.000275,0.002
8_hasta_2024,log_empleo,17524,40,0.005243,0.3828,0.002866,0.703,0.009751,0.0076
9_sin_Turquia,cuota,18157,40,-6.4e-05,0.6572,0.000252,0.1772,0.000274,0.002
9_sin_Turquia,log_empleo,18157,40,0.006538,0.31,0.00762,0.2186,0.009564,0.0068
10_sin_cinco_grandes,cuota,15855,40,-4.4e-05,0.7837,0.000188,0.3395,0.000285,0.0024
10_sin_cinco_grandes,log_empleo,15855,40,0.007797,0.2589,0.004534,0.5569,0.01003,0.0074
11_cluster_pais,cuota,18753,33,-3.9e-05,0.7518,0.000231,0.3224,0.000276,0.0
11_cluster_pais,log_empleo,18753,33,0.007955,0.2636,0.004413,0.6651,0.009784,0.0
