variante,dependiente,n,clusters,aioe_post,p,theta_post,theta_post_p
0_principal,cuota,9460,20,0.000472,0.0213,-3.9e-05,0.8534
0_principal,log_empleo,9460,20,0.020149,0.0044,0.012749,0.1178
1_sin_2021,cuota,8828,20,0.000571,0.0159,-8.3e-05,0.7047
1_sin_2021,log_empleo,8828,20,0.020907,0.0127,0.010615,0.2538
2_previo_hasta_2020,cuota,8195,20,0.000803,0.0113,-0.000321,0.281
2_previo_hasta_2020,log_empleo,8195,20,0.027212,0.0345,0.009711,0.5087
3_sin_OC95,cuota,9343,19,0.000478,0.0215,-4.3e-05,0.8392
3_sin_OC95,log_empleo,9343,19,0.02025,0.0049,0.012596,0.1188
4_sin_OC25,cuota,8967,19,0.000356,0.0757,5.8e-05,0.7489
4_sin_OC25,log_empleo,8967,19,0.018929,0.0077,0.013951,0.096
5_regla_simple,cuota,9460,20,0.000484,0.0224,-2.1e-05,0.9196
5_regla_simple,log_empleo,9460,20,0.020005,0.0033,0.013657,0.1033
6_sin_baja_fiabilidad,cuota,9295,20,0.00046,0.0138,-7.3e-05,0.7225
6_sin_baja_fiabilidad,log_empleo,9295,20,0.020912,0.0159,0.010759,0.2894
7_solo_series_completas,cuota,9210,20,0.000465,0.0281,-4.3e-05,0.8452
7_solo_series_completas,log_empleo,9210,20,0.018585,0.0108,0.011467,0.1705
8_hasta_2024,cuota,8837,20,0.000459,0.0225,-0.000112,0.554
8_hasta_2024,log_empleo,8837,20,0.018218,0.0079,0.008688,0.2662
9_sin_Turquia,cuota,9160,20,0.000499,0.0195,-4.9e-05,0.8137
9_sin_Turquia,log_empleo,9160,20,0.020773,0.0023,0.012211,0.105
10_sin_cinco_grandes,cuota,7996,20,0.000444,0.0528,-3.9e-05,0.8614
10_sin_cinco_grandes,log_empleo,7996,20,0.019238,0.0031,0.012061,0.1115
11_cluster_pais,cuota,9460,33,0.000472,0.013,-3.9e-05,0.8331
11_cluster_pais,log_empleo,9460,33,0.020149,0.0337,0.012749,0.2239
