corte,tipo,dependiente,aioe_post,se,p,ic_bajo,ic_alto,n
2016,falso,cuota,-0.000177,0.000168,0.3054,-0.000529,0.000175,5043
2016,falso,log_empleo,-0.002965,0.009002,0.7455,-0.021806,0.015876,5043
2017,falso,cuota,-0.000154,0.000153,0.3295,-0.000475,0.000168,5676
2017,falso,log_empleo,-0.006669,0.007727,0.3989,-0.022842,0.009504,5676
2018,falso,cuota,1.4e-05,0.0002,0.9464,-0.000404,0.000432,6308
2018,falso,log_empleo,0.001764,0.010425,0.8674,-0.020057,0.023584,6308
2019,falso,cuota,0.000303,0.000213,0.1699,-0.000142,0.000748,6940
2019,falso,log_empleo,0.009727,0.01121,0.3963,-0.013734,0.033189,6940
2020,falso,cuota,0.000577,0.000254,0.0347,4.6e-05,0.001108,7573
2020,falso,log_empleo,0.012739,0.013502,0.3573,-0.015521,0.040999,7573
2023,real,cuota,0.000472,0.000188,0.0213,7.8e-05,0.000866,9460
2023,real,log_empleo,0.02015,0.006246,0.0044,0.007077,0.033223,9460
