variable,ano,coef,ic_bajo,ic_alto,mde
exposicion,2011,-0.003133,-0.004996,-0.001271,0.002646
complementariedad,2011,2.1e-05,-0.001524,0.001567,0.002195
exposicion,2012,-0.002755,-0.004492,-0.001019,0.002467
complementariedad,2012,3.7e-05,-0.001361,0.001436,0.001987
exposicion,2013,-0.002493,-0.0041,-0.000886,0.002283
complementariedad,2013,7.1e-05,-0.001209,0.00135,0.001818
exposicion,2014,-0.002302,-0.003795,-0.000809,0.002121
complementariedad,2014,9.8e-05,-0.001051,0.001247,0.001632
exposicion,2015,-0.002208,-0.003606,-0.00081,0.001986
complementariedad,2015,6.2e-05,-0.001013,0.001138,0.001528
exposicion,2016,-0.001916,-0.003193,-0.000639,0.001814
complementariedad,2016,6.4e-05,-0.000905,0.001034,0.001377
exposicion,2017,-0.001767,-0.002877,-0.000656,0.001578
complementariedad,2017,6e-06,-0.000861,0.000872,0.001231
exposicion,2018,-0.001588,-0.00255,-0.000626,0.001367
complementariedad,2018,0.000108,-0.000612,0.000828,0.001023
exposicion,2019,-0.001329,-0.002073,-0.000586,0.001057
complementariedad,2019,0.000196,-0.00036,0.000751,0.000789
exposicion,2020,-0.000568,-0.001049,-8.7e-05,0.000683
complementariedad,2020,0.000243,-0.000151,0.000637,0.000559
exposicion,2021,-0.000119,-0.000385,0.000148,0.000378
complementariedad,2021,0.000129,-8.6e-05,0.000344,0.000305
