variante,muestra,dependiente,coeficiente,estimacion,se,p,n,clusters
0_principal,exposed,cuota,aioe_post,0.000472,0.000188,0.0213,9460,20
0_principal,exposed,cuota,theta_post,-3.9e-05,0.000206,0.8534,9460,20
0_principal,exposed,log_empleo,aioe_post,0.020149,0.006245,0.0044,9460,20
0_principal,exposed,log_empleo,theta_post,0.012749,0.007781,0.1178,9460,20
0_principal,all,cuota,aioe_post,0.000231,0.000178,0.2007,18753,40
0_principal,all,cuota,theta_post,-3.9e-05,0.000142,0.7857,18753,40
0_principal,all,log_empleo,aioe_post,0.004413,0.007873,0.5783,18753,40
0_principal,all,log_empleo,theta_post,0.007955,0.006546,0.2316,18753,40
1_sin_2021,exposed,cuota,aioe_post,0.000571,0.000216,0.0159,8828,20
1_sin_2021,exposed,cuota,theta_post,-8.3e-05,0.000216,0.7047,8828,20
1_sin_2021,exposed,log_empleo,aioe_post,0.020907,0.007602,0.0127,8828,20
1_sin_2021,exposed,log_empleo,theta_post,0.010615,0.00902,0.2538,8828,20
1_sin_2021,all,cuota,aioe_post,0.000363,0.000198,0.0736,17501,40
1_sin_2021,all,cuota,theta_post,-3.8e-05,0.000147,0.7956,17501,40
1_sin_2021,all,log_empleo,aioe_post,0.008286,0.007928,0.3024,17501,40
1_sin_2021,all,log_empleo,theta_post,0.009535,0.00664,0.159,17501,40
2_previo_hasta_2020,exposed,cuota,aioe_post,0.000803,0.000286,0.0113,8195,20
2_previo_hasta_2020,exposed,cuota,theta_post,-0.000321,0.000289,0.281,8195,20
2_previo_hasta_2020,exposed,log_empleo,aioe_post,0.027212,0.01195,0.0345,8195,20
2_previo_hasta_2020,exposed,log_empleo,theta_post,0.009711,0.014418,0.5087,8195,20
2_previo_hasta_2020,all,cuota,aioe_post,0.000568,0.00028,0.0492,16251,40
2_previo_hasta_2020,all,cuota,theta_post,-0.000142,0.000203,0.4874,16251,40
2_previo_hasta_2020,all,log_empleo,aioe_post,0.010729,0.012718,0.4041,16251,40
2_previo_hasta_2020,all,log_empleo,theta_post,0.013414,0.010227,0.1973,16251,40
3_sin_OC95,exposed,cuota,aioe_post,0.000478,0.00019,0.0215,9343,19
3_sin_OC95,exposed,cuota,theta_post,-4.3e-05,0.000209,0.8392,9343,19
3_sin_OC95,exposed,log_empleo,aioe_post,0.02025,0.006316,0.0049,9343,19
3_sin_OC95,exposed,log_empleo,theta_post,0.012596,0.00769,0.1188,9343,19
3_sin_OC95,all,cuota,aioe_post,0.000231,0.000178,0.2019,18636,39
3_sin_OC95,all,cuota,theta_post,-4.1e-05,0.000143,0.7781,18636,39
3_sin_OC95,all,log_empleo,aioe_post,0.004253,0.007825,0.59,18636,39
3_sin_OC95,all,log_empleo,theta_post,0.008018,0.006521,0.2264,18636,39
4_sin_OC25,exposed,cuota,aioe_post,0.000356,0.000189,0.0757,8967,19
4_sin_OC25,exposed,cuota,theta_post,5.8e-05,0.000177,0.7489,8967,19
4_sin_OC25,exposed,log_empleo,aioe_post,0.018929,0.006307,0.0077,8967,19
4_sin_OC25,exposed,log_empleo,theta_post,0.013951,0.007943,0.096,8967,19
4_sin_OC25,all,cuota,aioe_post,0.000123,0.000158,0.4395,18260,39
4_sin_OC25,all,cuota,theta_post,3.1e-05,0.000123,0.8015,18260,39
4_sin_OC25,all,log_empleo,aioe_post,0.002739,0.008068,0.7361,18260,39
4_sin_OC25,all,log_empleo,theta_post,0.009098,0.006669,0.1806,18260,39
5_regla_simple,exposed,cuota,aioe_post,0.000484,0.000195,0.0224,9460,20
5_regla_simple,exposed,cuota,theta_post,-2.1e-05,0.00021,0.9196,9460,20
5_regla_simple,exposed,log_empleo,aioe_post,0.020005,0.005962,0.0033,9460,20
5_regla_simple,exposed,log_empleo,theta_post,0.013657,0.007982,0.1033,9460,20
5_regla_simple,all,cuota,aioe_post,0.000226,0.000181,0.2195,18753,40
5_regla_simple,all,cuota,theta_post,-5e-06,0.000145,0.9722,18753,40
5_regla_simple,all,log_empleo,aioe_post,0.003672,0.008082,0.6521,18753,40
5_regla_simple,all,log_empleo,theta_post,0.008626,0.006742,0.2083,18753,40
6_sin_baja_fiabilidad,exposed,cuota,aioe_post,0.00046,0.000169,0.0138,9295,20
6_sin_baja_fiabilidad,exposed,cuota,theta_post,-7.3e-05,0.000203,0.7225,9295,20
6_sin_baja_fiabilidad,exposed,log_empleo,aioe_post,0.020912,0.007899,0.0159,9295,20
6_sin_baja_fiabilidad,exposed,log_empleo,theta_post,0.010759,0.009872,0.2894,9295,20
6_sin_baja_fiabilidad,all,cuota,aioe_post,0.000269,0.000178,0.1378,18273,40
6_sin_baja_fiabilidad,all,cuota,theta_post,-7.5e-05,0.000146,0.6095,18273,40
6_sin_baja_fiabilidad,all,log_empleo,aioe_post,0.009111,0.006843,0.1908,18273,40
6_sin_baja_fiabilidad,all,log_empleo,theta_post,0.006639,0.007144,0.3584,18273,40
7_solo_series_completas,exposed,cuota,aioe_post,0.000465,0.000196,0.0281,9210,20
7_solo_series_completas,exposed,cuota,theta_post,-4.3e-05,0.000217,0.8452,9210,20
7_solo_series_completas,exposed,log_empleo,aioe_post,0.018585,0.006578,0.0108,9210,20
7_solo_series_completas,exposed,log_empleo,theta_post,0.011467,0.008049,0.1705,9210,20
7_solo_series_completas,all,cuota,aioe_post,0.000193,0.000181,0.2916,18248,40
7_solo_series_completas,all,cuota,theta_post,-2.8e-05,0.000145,0.8467,18248,40
7_solo_series_completas,all,log_empleo,aioe_post,0.002504,0.007891,0.7527,18248,40
7_solo_series_completas,all,log_empleo,theta_post,0.007353,0.006539,0.2677,18248,40
8_hasta_2024,exposed,cuota,aioe_post,0.000459,0.000185,0.0225,8837,20
8_hasta_2024,exposed,cuota,theta_post,-0.000112,0.000186,0.554,8837,20
8_hasta_2024,exposed,log_empleo,aioe_post,0.018218,0.00614,0.0079,8837,20
8_hasta_2024,exposed,log_empleo,theta_post,0.008688,0.007583,0.2662,8837,20
8_hasta_2024,all,cuota,aioe_post,0.000208,0.00017,0.2286,17524,40
8_hasta_2024,all,cuota,theta_post,-8.5e-05,0.000128,0.5124,17524,40
8_hasta_2024,all,log_empleo,aioe_post,0.002866,0.007462,0.703,17524,40
8_hasta_2024,all,log_empleo,theta_post,0.005243,0.00594,0.3828,17524,40
9_sin_Turquia,exposed,cuota,aioe_post,0.000499,0.000196,0.0195,9160,20
9_sin_Turquia,exposed,cuota,theta_post,-4.9e-05,0.000205,0.8137,9160,20
9_sin_Turquia,exposed,log_empleo,aioe_post,0.020773,0.005905,0.0023,9160,20
9_sin_Turquia,exposed,log_empleo,theta_post,0.012211,0.007173,0.105,9160,20
9_sin_Turquia,all,cuota,aioe_post,0.000252,0.000183,0.1772,18157,40
9_sin_Turquia,all,cuota,theta_post,-6.4e-05,0.000143,0.6572,18157,40
9_sin_Turquia,all,log_empleo,aioe_post,0.00762,0.006093,0.2186,18157,40
9_sin_Turquia,all,log_empleo,theta_post,0.006538,0.006355,0.31,18157,40
10_sin_cinco_grandes,exposed,cuota,aioe_post,0.000444,0.000215,0.0528,7996,20
10_sin_cinco_grandes,exposed,cuota,theta_post,-3.9e-05,0.00022,0.8614,7996,20
10_sin_cinco_grandes,exposed,log_empleo,aioe_post,0.019238,0.005686,0.0031,7996,20
10_sin_cinco_grandes,exposed,log_empleo,theta_post,0.012061,0.007225,0.1115,7996,20
10_sin_cinco_grandes,all,cuota,aioe_post,0.000188,0.000195,0.3395,15855,40
10_sin_cinco_grandes,all,cuota,theta_post,-4.4e-05,0.000158,0.7837,15855,40
10_sin_cinco_grandes,all,log_empleo,aioe_post,0.004534,0.007651,0.5569,15855,40
10_sin_cinco_grandes,all,log_empleo,theta_post,0.007797,0.006805,0.2589,15855,40
11_cluster_pais,exposed,cuota,aioe_post,0.000472,0.000179,0.013,9460,33
11_cluster_pais,exposed,cuota,theta_post,-3.9e-05,0.000182,0.8331,9460,33
11_cluster_pais,exposed,log_empleo,aioe_post,0.020149,0.009082,0.0337,9460,33
11_cluster_pais,exposed,log_empleo,theta_post,0.012749,0.010279,0.2239,9460,33
11_cluster_pais,all,cuota,aioe_post,0.000231,0.00023,0.3224,18753,33
11_cluster_pais,all,cuota,theta_post,-3.9e-05,0.000121,0.7518,18753,33
11_cluster_pais,all,log_empleo,aioe_post,0.004413,0.010099,0.6651,18753,33
11_cluster_pais,all,log_empleo,theta_post,0.007955,0.006991,0.2636,18753,33
