TIME_PERIOD,media,mediana,p95,n
2012,0.0017144875700111002,0.0010286472338868653,0.005637194415184852,1345
2013,0.0016510304873407016,0.0009284444201484963,0.005658922843071611,1351
2014,0.0014720791126150122,0.0008447120239508145,0.004802461642504343,1397
2015,0.0014890620032410764,0.0008318429820876709,0.004832523992717054,1397
2016,0.001430118246307887,0.000855737476167598,0.004548510329329312,1400
2017,0.001246399247402569,0.0007748397060232176,0.0039352905304481725,1399
2018,0.0013070163676337163,0.0007788550415278542,0.004087160893748588,1399
2019,0.001442123344313221,0.0007983189856211916,0.004692832899752584,1394
2020,0.0016805468750362299,0.0010037431992723778,0.005437420161925259,1349
2021,0.0020975362245872035,0.001228061820870689,0.0068100071348876825,1310
2022,0.001457117987383115,0.0009688029700930748,0.004579743087578522,1352
2023,0.0014529638577403874,0.0009197677505131748,0.004263729441993103,1350
2024,0.001450505099073124,0.0008663271918457924,0.004586524592505243,1350
2025,0.0014280104099512597,0.0008384925591886222,0.0044761988951568495,1333
