isco2,aioe,lm_aioe,ig_aioe,theta,c_aioe,aioe_simple,n_soc
OC11,1.0949,1.06423,1.14442,0.69917,0.74873,1.00183,5
OC12,1.12719,1.11202,1.03912,0.64629,0.8389,1.13325,15
OC13,0.87379,0.89393,0.71708,0.69237,0.60912,0.8391,14
OC14,0.42832,0.46711,0.15596,0.66831,0.3086,0.60251,5
OC21,0.97943,0.77577,1.4296,0.62837,0.74362,0.9783,53
OC22,0.45228,0.47719,0.2471,0.73392,0.30427,0.46996,32
OC23,1.07119,1.31336,0.39113,0.67753,0.75678,1.05673,54
OC24,1.31699,1.27077,1.1231,0.57473,1.06444,1.26801,20
OC25,1.13957,0.92977,1.54401,0.55551,0.9458,1.13066,11
OC26,0.88089,1.01836,0.57002,0.62626,0.65531,0.85056,45
OC31,0.05106,-0.17742,0.58608,0.64421,0.04925,0.04511,48
OC32,-0.13785,-0.11806,-0.22905,0.62142,-0.10413,-0.10337,39
OC33,0.97798,0.95987,0.68338,0.58218,0.7945,0.95284,47
OC34,-0.00298,0.10494,-0.07822,0.61581,0.01678,0.02862,24
OC35,0.3578,0.18431,0.71704,0.57844,0.29325,0.4155,10
OC41,0.90171,0.88692,0.4862,0.49633,0.79967,0.90171,5
OC42,0.74582,0.85003,0.02185,0.53309,0.63122,0.79128,21
OC43,0.90924,0.85311,0.53767,0.52408,0.78593,0.78526,13
OC44,0.02946,0.11047,-0.28138,0.50315,0.02141,-0.00338,15
OC51,-0.4382,-0.24158,-0.79769,0.61091,-0.34409,-0.31413,33
OC52,-0.19748,0.05666,-0.88986,0.54645,-0.1522,-0.05055,17
OC53,-0.53952,-0.29692,-1.04666,0.59965,-0.41943,-0.4094,15
OC54,-0.43985,-0.40014,-0.504,0.65382,-0.30071,-0.40851,17
OC61,-1.09039,-1.05347,-0.98041,0.62944,-0.82418,-0.85313,5
OC62,-1.11475,-1.20539,-0.65882,0.62499,-0.84672,-0.93167,8
OC63,-1.36427,-1.3377,-1.02956,0.59632,-1.07461,-1.37293,4
OC71,-1.37905,-1.29271,-1.17412,0.62802,-1.04956,-1.28049,32
OC72,-1.03188,-1.08654,-0.73459,0.58521,-0.81711,-0.94502,49
OC73,-0.43295,-0.64125,0.24286,0.51546,-0.38309,-0.56544,17
OC74,-0.75732,-0.84198,-0.306,0.64938,-0.55036,-0.65256,22
OC75,-0.86173,-0.9186,-0.58362,0.55144,-0.71883,-0.88153,35
OC81,-1.02386,-1.08529,-0.81827,0.55695,-0.84736,-1.01844,56
OC82,-0.69091,-0.81319,-0.30564,0.53436,-0.57872,-0.6877,8
OC83,-0.87899,-1.08214,-0.28185,0.63395,-0.65949,-0.67673,30
OC91,-1.549,-1.37339,-1.60753,0.53863,-1.32261,-1.53177,5
OC92,-1.47816,-1.3719,-1.33204,0.53692,-1.27523,-1.39234,5
OC93,-1.37641,-1.28501,-1.30148,0.62034,-1.0515,-1.36865,20
OC94,-1.23461,-0.97146,-1.67969,0.49661,-1.09263,-1.23973,5
OC95,1.1071,1.51146,0.04748,0.52486,0.94865,1.1071,1
OC96,-0.82909,-0.79049,-0.7718,0.57303,-0.66119,-0.83334,15
