indice,muestra,dependiente,n,clusters,expo_post,expo_post_p,expo_t,expo_t_p,theta_post,theta_post_p
aioe,completa,cuota,18753,40,0.000231,0.2007,0.000276,0.0019,-3.9e-05,0.786
aioe,completa,log_empleo,18753,40,0.004414,0.5783,0.009784,0.0071,0.007955,0.2317
aioe,expuestas,cuota,9460,20,0.000472,0.0213,0.000189,0.0789,-3.9e-05,0.8535
aioe,expuestas,log_empleo,9460,20,0.02015,0.0044,0.006381,0.1737,0.012744,0.1179
aioe_simple,completa,cuota,18753,40,0.000235,0.2031,0.000269,0.0023,-4.6e-05,0.7544
aioe_simple,completa,log_empleo,18753,40,0.003725,0.657,0.009871,0.0084,0.008003,0.2308
aioe_simple,expuestas,cuota,9461,20,0.000556,0.0127,0.000247,0.0511,-5.4e-05,0.7987
aioe_simple,expuestas,log_empleo,9461,20,0.017397,0.0091,0.007251,0.1548,0.011394,0.1523
lm_aioe,completa,cuota,18753,40,0.000232,0.1811,0.000263,0.0027,-3.7e-05,0.7938
lm_aioe,completa,log_empleo,18753,40,0.005031,0.533,0.009489,0.0061,0.007886,0.228
lm_aioe,expuestas,cuota,9461,20,0.000467,0.0287,0.000197,0.1207,-4e-05,0.8514
lm_aioe,expuestas,log_empleo,9461,20,0.019834,0.0136,0.0041,0.3796,0.01073,0.1766
ig_aioe,completa,cuota,18753,40,0.000257,0.1816,0.000293,0.0013,-6.2e-05,0.6762
ig_aioe,completa,log_empleo,18753,40,0.004169,0.5741,0.010019,0.0198,0.007665,0.2751
ig_aioe,expuestas,cuota,9451,20,0.000551,0.0173,0.000268,0.01,-6.5e-05,0.7147
ig_aioe,expuestas,log_empleo,9451,20,0.014499,0.0384,0.013201,0.028,0.007789,0.3778
c_aioe,completa,cuota,18753,40,0.000221,0.2378,0.000276,0.0018,-3.4e-05,0.8115
c_aioe,completa,log_empleo,18753,40,0.003768,0.6329,0.009758,0.0088,0.008131,0.2237
c_aioe,expuestas,cuota,9460,20,0.00048,0.0289,0.000204,0.0627,2.5e-05,0.9027
c_aioe,expuestas,log_empleo,9460,20,0.020062,0.0062,0.007064,0.1466,0.015398,0.0868
